{
  "$schema": "https://github.com/grafana/grafana/raw/main/docs/sources/developers/plugins/plugin.schema.json",
  "alerting": true,
  "annotations": true,
  "backend": true,
  "dependencies": {
    "grafanaDependency": "\u003e=8.4.7",
    "grafanaVersion": "8.4.7",
    "plugins": []
  },
  "executable": "gpx_csv-datasource",
  "id": "marcusolsson-csv-datasource",
  "info": {
    "author": {
      "name": "Grafana Labs",
      "url": "https://grafana.com"
    },
    "build": {
      "time": 1730281375172,
      "repo": "https://github.com/grafana/grafana-csv-datasource",
      "branch": "main",
      "hash": "d5d37026cf9a74bf00d9c3e7c97f7038835ae60b",
      "build": 214
    },
    "description": "A data source for loading CSV data",
    "keywords": [
      "csv"
    ],
    "links": [
      {
        "name": "Documentation",
        "url": "https://grafana.com/docs/plugins/marcusolsson-csv-datasource/latest/"
      },
      {
        "name": "Github",
        "url": "https://github.com/grafana/grafana-csv-datasource"
      },
      {
        "name": "License",
        "url": "https://github.com/grafana/grafana-csv-datasource/blob/main/LICENSE"
      }
    ],
    "logos": {
      "large": "img/logo.svg",
      "small": "img/logo.svg"
    },
    "screenshots": [
      {
        "name": "Explore (Dark)",
        "path": "img/dark.png"
      },
      {
        "name": "Explore (Light)",
        "path": "img/light.png"
      }
    ],
    "updated": "2024-10-30",
    "version": "0.6.21"
  },
  "logs": true,
  "metrics": true,
  "name": "CSV",
  "type": "datasource"
}